account_role,item_category,account_code,effective_from
RAW_MATERIAL,CEMENTO,1301,2026-01-01
RAW_MATERIAL,AGREGADO,1302,2026-01-01
RAW_MATERIAL,ADITIVO,1303,2026-01-01
RAW_MATERIAL,OTRA_MATERIA_PRIMA,1304,2026-01-01
AP_CONTROL,,2101,2026-01-01
GRNI,,2102,2026-01-01
ITBIS_RECOVERABLE,,1401,2026-01-01
WITHHOLDING_PAYABLE,,2201,2026-01-01
PURCHASE_PRICE_VARIANCE,,5101,2026-01-01
MATERIAL_USAGE_VARIANCE,,5102,2026-01-01
INVENTORY_ADJUSTMENT,,5103,2026-01-01
ROUNDING_DIFFERENCE,,5104,2026-01-01
BANK_CHARGES,,5201,2026-01-01
