test_no,lot_code,legacy_lot_code,production_date,machine,product,product_code,lot_sequence,break_date,age_days,customer,project,delivery_ref,width_cm,height_cm,length_cm,weight_kg,load_kg,gross_area_cm2,strength_kgcm2,strength_mpa,block_condition,failure_type,notes,tested_by,mix_design,cement,curing_hours,units_produced,production_notes
1,8160924P1,,2024-09-16,P1,"Block 8""",8,,2024-09-19,3,EQUINOCCIO BAVARO SA,LOPESAN CEIBA,,19.4,19.4,39.4,,75187,764.36,98.3659532157622,9.64640475103355,,,,,,,,,
2,8160924P1,,2024-09-16,P1,"Block 8""",8,,2024-09-19,3,EQUINOCCIO BAVARO SA,LOPESAN CEIBA,,19.4,19.4,39.4,,61116,764.36,79.957088283008,7.84111179810561,,,,,,,,,
3,8160924P1,,2024-09-16,P1,"Block 8""",8,,2024-09-19,3,EQUINOCCIO BAVARO SA,LOPESAN CEIBA,,19.4,19.4,39.4,,55574,764.36,72.7065780522267,7.13007963655869,,,,,,,,,
4,8160924P1,,2024-09-16,P1,"Block 8""",8,,2024-09-19,3,EQUINOCCIO BAVARO SA,LOPESAN CEIBA,,19.4,19.4,39.4,,59348,764.36,77.6440420744152,7.61427945209064,,,,,,,,,
5,8160924P1,,2024-09-16,P1,"Block 8""",8,,2024-09-19,3,EQUINOCCIO BAVARO SA,LOPESAN CEIBA,,,,,,44000,770.25,57.1243102888673,5.6019811749432,,,,,,,,,
6,8161124P1,,2024-11-16,P1,"Block 8""",8,,2024-11-19,3,EQUINOCCIO BAVARO SA,LOPESAN CEIBA,1682,19.4,19.4,39.4,,62790,764.36,82.1471557904652,8.05588405332566,,,,,,,,,
7,8161124P1,,2024-11-16,P1,"Block 8""",8,,2024-11-19,3,EQUINOCCIO BAVARO SA,LOPESAN CEIBA,1682,19.4,19.4,39.4,,51859,764.36,67.8463027892616,6.65344945248312,,,,,,,,,
8,8161124P1,,2024-11-16,P1,"Block 8""",8,,2024-11-19,3,EQUINOCCIO BAVARO SA,LOPESAN CEIBA,1682,19.4,19.4,39.4,,75142,764.36,98.3070804333037,9.64063130331258,,,,,,,,,
9,8161124P1,,2024-11-16,P1,"Block 8""",8,,2024-11-19,3,EQUINOCCIO BAVARO SA,LOPESAN CEIBA,1682,19.4,19.4,39.4,,61883,764.36,80.9605421529123,7.93951700703857,,,,,,,,,
10,8161124P1,,2024-11-16,P1,"Block 8""",8,,2024-11-19,3,EQUINOCCIO BAVARO SA,LOPESAN CEIBA,1682,19.4,19.4,39.4,,71059,764.36,92.9653566382333,9.11678714676331,,,,,,,,,
11,8161124P1,,2024-11-16,P1,"Block 8""",8,,2024-11-19,3,EQUINOCCIO BAVARO SA,LOPESAN CEIBA,1682,19.4,19.4,39.4,,65117,764.36,85.1915327855984,8.35443544991889,,,,,,,,,
12,8161124P1,,2024-11-16,P1,"Block 8""",8,,2024-11-19,3,EQUINOCCIO BAVARO SA,LOPESAN CEIBA,1682,19.4,19.4,39.4,,60223,764.36,78.7887906222199,7.72654093555393,,,,,,,,,
13,8161124P1,,2024-11-16,P1,"Block 8""",8,,2024-11-19,3,EQUINOCCIO BAVARO SA,LOPESAN CEIBA,1682,19.4,19.4,39.4,,68515,764.36,89.6370820032446,8.79039490227118,,,,,,,,,
14,8121124P1,P18121124,2024-11-12,P1,"Block 8""",8,,2024-12-10,28,EQUINOCCIO BAVARO SA (CODELPA),LOPESAN CEIBA,1952,19.5,19.5,39.5,,62863,770.25,81.6137617656605,8.00357596819215,,,,,,,,,
15,8121124P1,P18121124,2024-11-12,P1,"Block 8""",8,,2024-12-10,28,EQUINOCCIO BAVARO SA (CODELPA),LOPESAN CEIBA,1952,19.5,19.5,39.5,,55261,770.25,71.7442388834794,7.03570640246673,,,,,,,,,
16,8121124P1,P18121124,2024-11-12,P1,"Block 8""",8,,2024-12-10,28,EQUINOCCIO BAVARO SA (CODELPA),LOPESAN CEIBA,1952,19.5,19.5,39.5,,55927,770.25,72.6088932164882,7.12050002661474,,,,,,,,,
17,8121124P1,P18121124,2024-11-12,P1,"Block 8""",8,,2024-12-10,28,EQUINOCCIO BAVARO SA (CODELPA),LOPESAN CEIBA,1952,19.5,19.5,39.5,,64990,770.25,84.3752028562155,8.27438083089906,,,,,,,,,
18,8121124P1,P18121124,2024-11-12,P1,"Block 8""",8,,2024-12-10,28,EQUINOCCIO BAVARO SA (CODELPA),LOPESAN CEIBA,1952,19.5,19.5,39.5,,61085,770.25,79.3054203180786,7.77720500162285,,,,,,,,,
19,8121124P1,P18121124,2024-11-12,P1,"Block 8""",8,,2024-12-10,28,EQUINOCCIO BAVARO SA (CODELPA),LOPESAN CEIBA,1952,19.5,19.5,39.5,,71431,770.25,92.7374229146381,9.09443448425836,,,,,,,,,
20,6201224P2,P28201224,2024-12-20,P2,"Block 6""",6,,2025-01-11,22,EQUINOCCIO BAVARO SA (CODELPA),LOPESAN CEIBA,2020,14.5,19.5,39.5,,46007,572.75,80.3264949803579,7.87733821999127,,,,,,,,,
21,6201224P2,P28201224,2024-12-20,P2,"Block 6""",6,,2025-01-11,22,EQUINOCCIO BAVARO SA (CODELPA),LOPESAN CEIBA,2020,14.5,19.5,39.5,,40991,572.75,71.5687472719337,7.01849655434308,,,,,,,,,
22,6201224P2,P28201224,2024-12-20,P2,"Block 6""",6,,2025-01-11,22,EQUINOCCIO BAVARO SA (CODELPA),LOPESAN CEIBA,2020,14.5,19.5,39.5,,37280,572.75,65.0894805761676,6.38309754692274,,,,,,,,,
23,6201224P2,P28201224,2024-12-20,P2,"Block 6""",6,,2025-01-11,22,EQUINOCCIO BAVARO SA (CODELPA),LOPESAN CEIBA,2020,14.5,19.5,39.5,,50103,572.75,87.4779572239197,8.57865709209952,,,,,,,,,
24,6201224P2,P28201224,2024-12-20,P2,"Block 6""",6,,2025-01-11,22,EQUINOCCIO BAVARO SA (CODELPA),LOPESAN CEIBA,2020,14.5,19.5,39.5,,48289,572.75,84.3107813182017,8.26806323614142,,,,,,,,,
25,6201224P2,P28201224,2024-12-20,P2,"Block 6""",6,,2025-01-11,22,EQUINOCCIO BAVARO SA (CODELPA),LOPESAN CEIBA,2020,14.5,19.5,39.5,,49514,572.75,86.4495853339153,8.47780826014841,,,,,,,,,
26,6201224P2,P28201224,2024-12-20,P2,"Block 6""",6,,2025-01-11,22,EQUINOCCIO BAVARO SA (CODELPA),LOPESAN CEIBA,2020,14.5,19.5,39.5,,37879,572.75,66.1353120907901,6.48565858315146,,,,,,,,,
27,6201224P2,P28201224,2024-12-20,P2,"Block 6""",6,,2025-01-11,22,EQUINOCCIO BAVARO SA (CODELPA),LOPESAN CEIBA,2020,14.5,19.5,39.5,,37802,572.75,66.0008729812309,6.47247461021388,,,,,,,,,
28,8201224P2,P28201224,2024-12-20,P2,"Block 8""",8,,2025-01-15,26,EQUINOCCIO BAVARO SA (CODELPA),LOPESAN CEIBA,2045,19.5,19.5,39.5,,43685,770.25,56.7153521583901,5.56187608244077,,,,,,,,,
29,8201224P2,P28201224,2024-12-20,P2,"Block 8""",8,,2025-01-15,26,EQUINOCCIO BAVARO SA (CODELPA),LOPESAN CEIBA,2045,14.5,19.5,39.5,,72960,572.75,127.385421213444,12.4922424094282,,,,,,,,,
30,8201224P2,P28201224,2024-12-20,P2,"Block 8""",8,,2025-01-15,26,EQUINOCCIO BAVARO SA (CODELPA),LOPESAN CEIBA,2045,14.5,19.5,39.5,,68905,572.75,120.305543430816,11.7979435748581,,,,,,,,,
31,8201224P2,P28201224,2024-12-20,P2,"Block 8""",8,,2025-01-15,26,EQUINOCCIO BAVARO SA (CODELPA),LOPESAN CEIBA,2045,14.5,19.5,39.5,,64369,572.75,112.385857704059,11.0212877145351,,,,,,,,,
32,8201224P2,P28201224,2024-12-20,P2,"Block 8""",8,,2025-01-15,26,EQUINOCCIO BAVARO SA (CODELPA),LOPESAN CEIBA,2045,14.5,19.5,39.5,,66954,572.75,116.899170667831,11.4638925202968,,,,,,,,,
33,8201224P2,P28201224,2024-12-20,P2,"Block 8""",8,,2025-01-15,26,EQUINOCCIO BAVARO SA (CODELPA),LOPESAN CEIBA,2049,19.5,19.5,39.5,,56430,770.25,73.2619279454723,7.18454085686466,,,,,,,,,
34,8201224P2,P28201224,2024-12-20,P2,"Block 8""",8,,2025-01-15,26,EQUINOCCIO BAVARO SA (CODELPA),LOPESAN CEIBA,2049,14.5,19.5,39.5,,65726,572.75,114.755128764732,11.2536338350065,,,,,,,,,
35,8201224P2,P28201224,2024-12-20,P2,"Block 8""",8,,2025-01-15,26,EQUINOCCIO BAVARO SA (CODELPA),LOPESAN CEIBA,2049,14.5,19.5,39.5,,69570,572.75,121.466608467918,11.9118051593191,,,,,,,,,
36,8201224P2,P28201224,2024-12-20,P2,"Block 8""",8,,2025-01-15,26,EQUINOCCIO BAVARO SA (CODELPA),LOPESAN CEIBA,2049,14.5,19.5,39.5,,53560,572.75,93.5137494543867,9.17056611086862,,,,,,,,,
37,8140125P1,140125P1,2025-01-14,P1,"Block 8""",8,,2025-01-18,4,EQUINOCCIO BAVARO SA (CODELPA),LOPESAN CEIBA,2058,19.5,19.5,39.5,,60427,770.25,78.4511522233041,7.69342991950665,,,,,,,,,
38,8140125P1,140125P1,2025-01-14,P1,"Block 8""",8,,2025-01-18,4,EQUINOCCIO BAVARO SA (CODELPA),LOPESAN CEIBA,2058,14.5,19.5,39.5,,51355,572.75,89.6639022261021,8.79302506765605,,,,,,,,,
39,8140125P1,140125P1,2025-01-14,P1,"Block 8""",8,,2025-01-18,4,EQUINOCCIO BAVARO SA (CODELPA),LOPESAN CEIBA,2058,14.5,19.5,39.5,,54975,572.75,95.9842863378437,9.41284301615015,,,,,,,,,
40,8140125P1,140125P1,2025-01-14,P1,"Block 8""",8,,2025-01-18,4,EQUINOCCIO BAVARO SA (CODELPA),LOPESAN CEIBA,2058,14.5,19.5,39.5,,47364,572.75,82.6957660410301,8.10968434046268,,,,,,,,,
41,8140125P1,140125P1,2025-01-14,P1,"Block 8""",8,,2025-01-18,4,EQUINOCCIO BAVARO SA (CODELPA),LOPESAN CEIBA,2058,14.5,19.5,39.5,,58839,572.75,102.730685290266,10.0744387490179,,,,,,,,,
42,8170125P1,170125P1,2025-01-17,P1,"Block 8""",8,,2025-01-22,5,EQUINOCCIO BAVARO SA (CODELPA),LOPESAN CEIBA,2076,19.5,19.5,39.5,,65893,770.25,85.5475494969166,8.38934876273937,,,,,,,,,
43,8170125P1,170125P1,2025-01-17,P1,"Block 8""",8,,2025-01-22,5,EQUINOCCIO BAVARO SA (CODELPA),LOPESAN CEIBA,2076,14.5,19.5,39.5,,59651,572.75,104.148406809254,10.2134697363597,,,,,,,,,
44,8170125P1,170125P1,2025-01-17,P1,"Block 8""",8,,2025-01-22,5,EQUINOCCIO BAVARO SA (CODELPA),LOPESAN CEIBA,2076,14.5,19.5,39.5,,62332,572.75,108.829332169358,10.6725117031864,,,,,,,,,
45,8170125P1,170125P1,2025-01-17,P1,"Block 8""",8,,2025-01-22,5,EQUINOCCIO BAVARO SA (CODELPA),LOPESAN CEIBA,2076,14.5,19.5,39.5,,65530,572.75,114.412920122217,11.2200746311654,,,,,,,,,
46,8170125P1,170125P1,2025-01-17,P1,"Block 8""",8,,2025-01-22,5,EQUINOCCIO BAVARO SA (CODELPA),LOPESAN CEIBA,2076,14.5,19.5,39.5,,45617,572.75,79.6455696202532,7.81056225316456,,,,,,,,,
47,8201224P1,201224P1,2024-12-20,P1,"Block 8""",8,,2025-01-23,34,EQUINOCCIO BAVARO SA (CODELPA),LOPESAN CEIBA,2082,19.5,19.5,39.5,,69467,770.25,90.1876014281078,8.84438241544953,,,,,,,,,
48,8201224P1,201224P1,2024-12-20,P1,"Block 8""",8,,2025-01-23,34,EQUINOCCIO BAVARO SA (CODELPA),LOPESAN CEIBA,2082,19.5,19.5,39.5,,71867,770.25,93.3034728984096,9.14994502499189,,,,,,,,,
49,8201224P1,201224P1,2024-12-20,P1,"Block 8""",8,,2025-01-23,34,EQUINOCCIO BAVARO SA (CODELPA),LOPESAN CEIBA,2082,19.5,19.5,39.5,,67372,770.25,87.4677052904901,8.57765172086985,,,,,,,,,
50,8201224P1,201224P1,2024-12-20,P1,"Block 8""",8,,2025-01-23,34,EQUINOCCIO BAVARO SA (CODELPA),LOPESAN CEIBA,2082,19.5,19.5,39.5,,51460,770.25,66.8094774423888,6.55177161960403,,,,,,,,,
51,8201224P1,201224P1,2024-12-20,P1,"Block 8""",8,,2025-01-23,34,EQUINOCCIO BAVARO SA (CODELPA),LOPESAN CEIBA,2085,19.5,19.5,39.5,,63811,770.25,82.8445309964297,8.12427319896138,,,,,,,,,
52,8201224P1,201224P1,2024-12-20,P1,"Block 8""",8,,2025-01-23,34,EQUINOCCIO BAVARO SA (CODELPA),LOPESAN CEIBA,2085,19.5,19.5,39.5,,69984,770.25,90.858812074002,8.91020569425511,,,,,,,,,
53,8201224P1,201224P1,2024-12-20,P1,"Block 8""",8,,2025-01-23,34,EQUINOCCIO BAVARO SA (CODELPA),LOPESAN CEIBA,2085,19.5,19.5,39.5,,68519,770.25,88.9568321973385,8.7236851846803,,,,,,,,,
54,8201224P1,201224P1,2024-12-20,P1,"Block 8""",8,,2025-01-23,34,EQUINOCCIO BAVARO SA (CODELPA),LOPESAN CEIBA,2085,19.5,19.5,39.5,,50766,770.25,65.9084712755599,6.46341309834469,,,,,,,,,
55,8201224P1,201224P1,2024-12-20,P1,"Block 8""",8,,2025-01-23,34,EQUINOCCIO BAVARO SA (CODELPA),LOPESAN CEIBA,2085,19.5,19.5,39.5,,76248,770.25,98.9912366114898,9.70772410516066,,,,,,,,,
56,8231224P1,231224P1,2024-12-23,P1,"Block 8""",8,,2025-01-30,38,EQUINOCCIO BAVARO SA (CODELPA),LOPESAN CEIBA,2081,19.5,19.5,39.5,,67771,770.25,87.9857189224278,8.62845150470626,,,,,,,,,
57,8231224P1,231224P1,2024-12-23,P1,"Block 8""",8,,2025-01-30,38,EQUINOCCIO BAVARO SA (CODELPA),LOPESAN CEIBA,2081,19.5,19.5,39.5,,55016,770.25,71.4261603375527,7.00451355274262,,,,,,,,,
58,8231224P1,231224P1,2024-12-23,P1,"Block 8""",8,,2025-01-30,38,EQUINOCCIO BAVARO SA (CODELPA),LOPESAN CEIBA,2081,19.5,19.5,39.5,,64927,770.25,84.2934112301201,8.26635981239857,,,,,,,,,
59,8231224P1,231224P1,2024-12-23,P1,"Block 8""",8,,2025-01-30,38,EQUINOCCIO BAVARO SA (CODELPA),LOPESAN CEIBA,2081,19.5,19.5,39.5,,60599,770.25,78.6744563453424,7.71532857319052,,,,,,,,,
60,8231224P1,231224P1,2024-12-23,P1,"Block 8""",8,,2025-01-31,39,EQUINOCCIO BAVARO SA (CODELPA),LOPESAN CEIBA,2081,19.5,19.5,39.5,,63566,770.25,82.5264524505031,8.09308034923726,,,,,,,,,
61,8231224P1,231224P1,2024-12-23,P1,"Block 8""",8,,2025-01-31,39,EQUINOCCIO BAVARO SA (CODELPA),LOPESAN CEIBA,2081,19.5,19.5,39.5,,78648,770.25,102.107108081792,10.013286714703,,,,,,,,,
62,8231224P1,231224P1,2024-12-23,P1,"Block 8""",8,,2025-01-31,39,EQUINOCCIO BAVARO SA (CODELPA),LOPESAN CEIBA,2081,19.5,19.5,39.5,,46502,770.25,60.3726062966569,5.92053019539111,,,,,,,,,
63,8231224P1,231224P1,2024-12-23,P1,"Block 8""",8,,2025-01-31,39,EQUINOCCIO BAVARO SA (CODELPA),LOPESAN CEIBA,2081,19.5,19.5,39.5,,58531,770.25,75.9896137617657,7.45203545796819,,,,,,,,,
64,6030225P2,030225P2,2025-02-03,P2,"Block 6""",6,,2025-02-06,3,EQUINOCCIO BAVARO SA (CODELPA),LOPESAN CEIBA,2160-2159,14.5,19.5,39.5,,45926,572.75,80.1850720209516,7.86346936534265,Húmedo,,BLOQUES HUMEDOS AL MOMENTO DE REALIZAR LA PRUEBA,,,,,,
65,6030225P2,030225P2,2025-02-03,P2,"Block 6""",6,,2025-02-06,3,EQUINOCCIO BAVARO SA (CODELPA),LOPESAN CEIBA,2160-2159,14.5,19.5,39.5,,29814,572.75,52.054124836316,5.10476583326059,Húmedo,,BLOQUES HUMEDOS AL MOMENTO DE REALIZAR LA PRUEBA,,,,,,
66,6030225P2,030225P2,2025-02-03,P2,"Block 6""",6,,2025-02-06,3,EQUINOCCIO BAVARO SA (CODELPA),LOPESAN CEIBA,2160-2159,14.5,19.5,39.5,,45390,572.75,79.249236141423,7.77169521606285,Húmedo,,BLOQUES HUMEDOS AL MOMENTO DE REALIZAR LA PRUEBA,,,,,,
67,6030225P2,030225P2,2025-02-03,P2,"Block 6""",6,,2025-02-06,3,EQUINOCCIO BAVARO SA (CODELPA),LOPESAN CEIBA,2160-2159,14.5,19.5,39.5,,34175,572.75,59.6682671322567,5.85145811872545,Húmedo,,BLOQUES HUMEDOS AL MOMENTO DE REALIZAR LA PRUEBA,,,,,,
68,6030225P2,030225P2,2025-02-03,P2,"Block 6""",6,,2025-02-06,3,EQUINOCCIO BAVARO SA (CODELPA),LOPESAN CEIBA,2160-2159,14.5,19.5,39.5,,35352,572.75,61.7232649498036,6.05298456219991,Húmedo,,BLOQUES HUMEDOS AL MOMENTO DE REALIZAR LA PRUEBA,,,,,,
69,6030225P2,030225P2,2025-02-03,P2,"Block 6""",6,,2025-02-06,3,EQUINOCCIO BAVARO SA (CODELPA),LOPESAN CEIBA,2160-2159,14.5,19.5,39.5,,32916,572.75,57.4701003928416,5.6358916001746,Húmedo,,BLOQUES HUMEDOS AL MOMENTO DE REALIZAR LA PRUEBA,,,,,,
70,6030225P2,030225P2,2025-02-03,P2,"Block 6""",6,,2025-02-06,3,EQUINOCCIO BAVARO SA (CODELPA),LOPESAN CEIBA,2160-2159,14.5,19.5,39.5,,40070,572.75,69.9607158446093,6.86080254037538,Húmedo,,BLOQUES HUMEDOS AL MOMENTO DE REALIZAR LA PRUEBA,,,,,,
71,8060225P1,060225P1,2025-02-06,P1,"Block 8""",8,,2025-02-11,5,EQUINOCCIO BAVARO SA (CODELPA),LOPESAN CEIBA,2186-2187,19.5,19.5,39.5,,67104,770.25,87.1197663096397,8.54353056280429,,,,,,,,,
72,8060225P1,060225P1,2025-02-06,P1,"Block 8""",8,,2025-02-11,5,EQUINOCCIO BAVARO SA (CODELPA),LOPESAN CEIBA,2186-2187,19.5,19.5,39.5,,70891,770.25,92.0363518338202,9.02568289711133,,,,,,,,,
73,8060225P1,060225P1,2025-02-06,P1,"Block 8""",8,,2025-02-11,5,EQUINOCCIO BAVARO SA (CODELPA),LOPESAN CEIBA,2186-2187,19.5,19.5,39.5,,68809,770.25,89.3333333333333,8.76060733333333,,,,,,,,,
74,8060225P1,060225P1,2025-02-06,P1,"Block 8""",8,,2025-02-11,5,EQUINOCCIO BAVARO SA (CODELPA),LOPESAN CEIBA,2186-2187,19.5,19.5,39.5,,63598,770.25,82.5679974034404,8.09715451736449,,,,,,,,,
75,8110225P1,,2025-02-11,P1,"Block 8""",8,,2025-02-13,2,EQUINOCCIO BAVARO SA (CODELPA),LOPESAN CEIBA,2207,19.5,19.5,39.5,,42737,770.25,55.4845829276209,5.44117885167154,,,,,,,,,
76,8110225P1,,2025-02-11,P1,"Block 8""",8,,2025-02-13,2,EQUINOCCIO BAVARO SA (CODELPA),LOPESAN CEIBA,2207,19.5,19.5,39.5,,51219,770.25,66.4965920155794,6.52108804089581,,,,,,,,,
77,8110225P1,,2025-02-11,P1,"Block 8""",8,,2025-02-13,2,EQUINOCCIO BAVARO SA (CODELPA),LOPESAN CEIBA,2207,19.5,19.5,39.5,,55755,770.25,72.3855890944499,7.09860137293087,,,,,,,,,
78,8110225P1,,2025-02-11,P1,"Block 8""",8,,2025-02-13,2,EQUINOCCIO BAVARO SA (CODELPA),LOPESAN CEIBA,2207,19.5,19.5,39.5,,48389,770.25,62.8224602401818,6.16077879714378,,,,,,,,,
79,6120225P2,,2025-02-12,P2,"Block 6""",6,,2025-02-17,5,EQUINOCCIO BAVARO SA (CODELPA),LOPESAN CEIBA,2219,14.5,19.5,39.5,,38296,572.75,66.8633784373636,6.55705750152772,,,,,,,,,
80,6120225P2,,2025-02-12,P2,"Block 6""",6,,2025-02-17,5,EQUINOCCIO BAVARO SA (CODELPA),LOPESAN CEIBA,2219,14.5,19.5,39.5,,34795,572.75,60.750763858577,5.95761478393715,,,,,,,,,
81,6120225P2,,2025-02-12,P2,"Block 6""",6,,2025-02-17,5,EQUINOCCIO BAVARO SA (CODELPA),LOPESAN CEIBA,2219,14.5,19.5,39.5,,47885,572.75,83.6054124836316,8.19889018332606,,,,,,,,,
82,6120225P2,,2025-02-12,P2,"Block 6""",6,,2025-02-17,5,EQUINOCCIO BAVARO SA (CODELPA),LOPESAN CEIBA,2219,14.5,19.5,39.5,,37888,572.75,66.1510257529463,6.48719956700131,,,,,,,,,
83,6120225P2,,2025-02-12,P2,"Block 6""",6,,2025-02-17,5,EQUINOCCIO BAVARO SA (CODELPA),LOPESAN CEIBA,2219,14.5,19.5,39.5,,34840,572.75,60.8293321693584,5.96531970318638,,,,,,,,,
84,8120225P1,,2025-02-12,P1,"Block 8""",8,,2025-02-17,5,EQUINOCCIO BAVARO SA (CODELPA),LOPESAN CEIBA,2218,19.5,19.5,39.5,,64986,770.25,84.3700097370983,8.27387155988316,,,,,,,,,
85,8120225P1,,2025-02-12,P1,"Block 8""",8,,2025-02-17,5,EQUINOCCIO BAVARO SA (CODELPA),LOPESAN CEIBA,2218,19.5,19.5,39.5,,62273,770.25,80.847776695878,7.92845849334632,,,,,,,,,
86,8120225P1,,2025-02-12,P1,"Block 8""",8,,2025-02-17,5,EQUINOCCIO BAVARO SA (CODELPA),LOPESAN CEIBA,2218,19.5,19.5,39.5,,44315,770.25,57.5332684193444,5.64208626744563,,,,,,,,,
87,8120225P1,,2025-02-12,P1,"Block 8""",8,,2025-02-17,5,EQUINOCCIO BAVARO SA (CODELPA),LOPESAN CEIBA,2218,19.5,19.5,39.5,,70016,770.25,90.9003570269393,8.91427986238234,,,,,,,,,
88,8120225P1,,2025-02-12,P1,"Block 8""",8,,2025-02-17,5,EQUINOCCIO BAVARO SA (CODELPA),LOPESAN CEIBA,2218,19.5,19.5,39.5,,51963,770.25,67.4625121713729,6.61581244985394,,,,,,,,,
89,8180225P1,,2025-02-18,P1,"Block 8""",8,,2025-02-21,3,EQUINOCCIO BAVARO SA (CODELPA),LOPESAN CEIBA,2241-2242,19.5,19.5,39.5,,56653,770.25,73.5514443362545,7.2129327160013,,,,,,,,,
90,8180225P1,,2025-02-18,P1,"Block 8""",8,,2025-02-21,3,EQUINOCCIO BAVARO SA (CODELPA),LOPESAN CEIBA,2241-2242,19.5,19.5,39.5,,49455,770.25,64.2064264849075,6.29649952288218,,,,,,,,,
91,8180225P1,,2025-02-18,P1,"Block 8""",8,,2025-02-21,3,EQUINOCCIO BAVARO SA (CODELPA),LOPESAN CEIBA,2241-2242,19.5,19.5,39.5,,58957,770.25,76.5426809477442,7.50627282116196,,,,,,,,,
92,8180225P1,,2025-02-18,P1,"Block 8""",8,,2025-02-21,3,EQUINOCCIO BAVARO SA (CODELPA),LOPESAN CEIBA,2241-2242,19.5,19.5,39.5,,54499,770.25,70.7549496916586,6.93869027393703,,,,,,,,,
93,6210225P2,,2025-02-21,P2,"Block 6""",6,,2025-02-26,5,EQUINOCCIO BAVARO SA (CODELPA),LOPESAN CEIBA,2263,14.5,19.5,39.5,,42764,572.75,74.6643387167176,7.32207037276299,,,,,,,,,
94,6210225P2,,2025-02-21,P2,"Block 6""",6,,2025-02-26,5,EQUINOCCIO BAVARO SA (CODELPA),LOPESAN CEIBA,2263,14.5,19.5,39.5,,35634,572.75,62.2156263640332,6.10126872282846,,,,,,,,,
95,6210225P2,,2025-02-21,P2,"Block 6""",6,,2025-02-26,5,EQUINOCCIO BAVARO SA (CODELPA),LOPESAN CEIBA,2263,14.5,19.5,39.5,,35634,572.75,62.2156263640332,6.10126872282846,,,,,,,,,
96,6210225P2,,2025-02-21,P2,"Block 6""",6,,2025-02-26,5,EQUINOCCIO BAVARO SA (CODELPA),LOPESAN CEIBA,2263,14.5,19.5,39.5,,34953,572.75,61.0266259275426,5.98466761152335,,,,,,,,,
97,8190225P1,,2025-02-19,P1,"Block 8""",8,,2025-02-28,9,EQUINOCCIO BAVARO SA (CODELPA),LOPESAN CEIBA,2266,19.5,19.5,39.5,,53560,770.25,69.535864978903,6.81913890295359,,,,,,,,,
98,8190225P1,,2025-02-19,P1,"Block 8""",8,,2025-02-28,9,EQUINOCCIO BAVARO SA (CODELPA),LOPESAN CEIBA,2266,19.5,19.5,39.5,,59973,770.25,77.8617332035054,7.63562765920156,,,,,,,,,
99,8190225P1,,2025-02-19,P1,"Block 8""",8,,2025-02-28,9,EQUINOCCIO BAVARO SA (CODELPA),LOPESAN CEIBA,2266,19.5,19.5,39.5,,63611,770.25,82.5848750405713,8.09880964816618,,,,,,,,,
100,8190225P1,,2025-02-19,P1,"Block 8""",8,,2025-02-28,9,EQUINOCCIO BAVARO SA (CODELPA),LOPESAN CEIBA,2266,19.5,19.5,39.5,,61638,770.25,80.0233690360273,7.84761171957157,,,,,,,,,
101,8240225P1,,2025-02-24,P1,"Block 8""",8,,2025-03-03,7,EQUINOCCIO BAVARO SA (CODELPA),LOPESAN CEIBA,2278,19.5,19.5,39.5,,60699,770.25,78.8042843232717,7.72806034858812,,,,,,,,,
102,8240225P1,,2025-02-24,P1,"Block 8""",8,,2025-03-03,7,EQUINOCCIO BAVARO SA (CODELPA),LOPESAN CEIBA,2278,19.5,19.5,39.5,,62418,770.25,81.0360272638754,7.94691956767283,,,,,,,,,
103,8240225P1,,2025-02-24,P1,"Block 8""",8,,2025-03-03,7,EQUINOCCIO BAVARO SA (CODELPA),LOPESAN CEIBA,2278,19.5,19.5,39.5,,59738,770.25,77.5566374553716,7.6057079870172,,,,,,,,,
104,8240225P1,,2025-02-24,P1,"Block 8""",8,,2025-03-03,7,EQUINOCCIO BAVARO SA (CODELPA),LOPESAN CEIBA,2278,19.5,19.5,39.5,,53700,770.25,69.7176241480039,6.83696338851022,,,,,,,,,
105,8030325P1,,2025-03-03,P1,"Block 8""",8,,2025-03-07,4,EQUINOCCIO BAVARO SA (CODELPA),LOPESAN CEIBA,2307,19.5,19.5,39.5,,58272,770.25,75.6533592989289,7.41906015968841,,,,,,,,,
106,8030325P1,,2025-03-03,P1,"Block 8""",8,,2025-03-07,4,EQUINOCCIO BAVARO SA (CODELPA),LOPESAN CEIBA,2307,19.5,19.5,39.5,,56744,770.25,73.6695877961701,7.22451863161311,,,,,,,,,
107,8030325P1,,2025-03-03,P1,"Block 8""",8,,2025-03-07,4,EQUINOCCIO BAVARO SA (CODELPA),LOPESAN CEIBA,2307,19.5,19.5,39.5,,61883,770.25,80.3414475819539,7.87880456929568,,,,,,,,,
108,8030325P1,,2025-03-03,P1,"Block 8""",8,,2025-03-07,4,EQUINOCCIO BAVARO SA (CODELPA),LOPESAN CEIBA,2307,19.5,19.5,39.5,,61153,770.25,79.3937033430704,7.78586260889322,,,,,,,,,
109,8030325P1,,2025-03-03,P1,"Block 8""",8,,2025-03-10,7,EQUINOCCIO BAVARO SA (CODELPA),LOPESAN CEIBA,2312,19.5,19.5,39.5,,66269,770.25,86.0357026939306,8.43722023823434,,,,,,,,,
110,8030325P1,,2025-03-03,P1,"Block 8""",8,,2025-03-10,7,EQUINOCCIO BAVARO SA (CODELPA),LOPESAN CEIBA,2312,19.5,19.5,39.5,,53637,770.25,69.6358325219085,6.82894237000974,,,,,,,,,
111,8030325P1,,2025-03-03,P1,"Block 8""",8,,2025-03-10,7,EQUINOCCIO BAVARO SA (CODELPA),LOPESAN CEIBA,2312,19.5,19.5,39.5,,62359,770.25,80.9594287568971,7.93940782018825,,,,,,,,,
112,8030325P1,,2025-03-03,P1,"Block 8""",8,,2025-03-10,7,EQUINOCCIO BAVARO SA (CODELPA),LOPESAN CEIBA,2312,19.5,19.5,39.5,,67036,770.25,87.0314832846479,8.53487295553392,,,,,,,,,
113,8070325P1,,2025-03-07,P1,"Block 8""",8,,2025-03-13,6,EQUINOCCIO BAVARO SA (CODELPA),LOPESAN CEIBA,2333-2334-2335,19.5,19.5,39.5,,61779,770.25,80.2064264849075,7.86556352288218,,,,,,,,,
114,8070325P1,,2025-03-07,P1,"Block 8""",8,,2025-03-13,6,EQUINOCCIO BAVARO SA (CODELPA),LOPESAN CEIBA,2333-2334-2335,19.5,19.5,39.5,,56889,770.25,73.8578383641675,7.24297970593963,,,,,,,,,
115,8070325P1,,2025-03-07,P1,"Block 8""",8,,2025-03-13,6,EQUINOCCIO BAVARO SA (CODELPA),LOPESAN CEIBA,2333-2334-2335,19.5,19.5,39.5,,63230,770.25,82.0902304446608,8.05030158390133,,,,,,,,,
116,8070325P1,,2025-03-07,P1,"Block 8""",8,,2025-03-13,6,EQUINOCCIO BAVARO SA (CODELPA),LOPESAN CEIBA,2333-2334-2335,19.5,19.5,39.5,,53292,770.25,69.1879259980526,6.78501774488802,,,,,,,,,
117,8070325P1,,2025-03-07,P1,"Block 8""",8,,2025-03-13,6,EQUINOCCIO BAVARO SA (CODELPA),LOPESAN CEIBA,2333-2334-2335,19.5,19.5,39.5,,51423,770.25,66.761441090555,6.54706086270691,,,,,,,,,
118,8070325P1,,2025-03-07,P1,"Block 8""",8,,2025-03-13,6,EQUINOCCIO BAVARO SA (CODELPA),LOPESAN CEIBA,2333-2334-2335,19.5,19.5,39.5,,62695,770.25,81.3956507627394,7.98218658552418,,,,,,,,,
119,8070325P1,,2025-03-07,P1,"Block 8""",8,,2025-03-13,6,EQUINOCCIO BAVARO SA (CODELPA),LOPESAN CEIBA,2333-2334-2335,19.5,19.5,39.5,,49632,770.25,64.4362220058423,6.31903476533593,,,,,,,,,
120,8070325P1,,2025-03-07,P1,"Block 8""",8,,2025-03-13,6,EQUINOCCIO BAVARO SA (CODELPA),LOPESAN CEIBA,2333-2334-2335,19.5,19.5,39.5,,59633,770.25,77.4203180785459,7.59233962284973,,,,,,,,,
121,6140325P2,,2025-03-14,P2,"Block 6""",6,,2025-03-17,3,EQUINOCCIO BAVARO SA (CODELPA),LOPESAN CEIBA,2348,14.5,19.5,39.5,,41168,572.75,71.8777826276735,7.04880257005674,,,,,,,,,
122,6140325P2,,2025-03-14,P2,"Block 6""",6,,2025-03-17,3,EQUINOCCIO BAVARO SA (CODELPA),LOPESAN CEIBA,2348,14.5,19.5,39.5,,42188,572.75,73.6586643387167,7.22344740637276,,,,,,,,,
123,6140325P2,,2025-03-14,P2,"Block 6""",6,,2025-03-17,3,EQUINOCCIO BAVARO SA (CODELPA),LOPESAN CEIBA,2348,14.5,19.5,39.5,,40360,572.75,70.4670449585334,6.91045646442602,,,,,,,,,
124,6140325P2,,2025-03-14,P2,"Block 6""",6,,2025-03-17,3,EQUINOCCIO BAVARO SA (CODELPA),LOPESAN CEIBA,2348,14.5,19.5,39.5,,36545,572.75,63.8061981667394,6.25725053251855,,,,,,,,,
125,8140325P1,,2025-03-14,P1,"Block 8""",8,,2025-03-19,5,EQUINOCCIO BAVARO SA (CODELPA),LOPESAN CEIBA,2370,19.5,19.5,39.5,,60051,770.25,77.9629990262902,7.64555844401169,,,,,,,,,
126,8140325P1,,2025-03-14,P1,"Block 8""",8,,2025-03-19,5,EQUINOCCIO BAVARO SA (CODELPA),LOPESAN CEIBA,2370,19.5,19.5,39.5,,44111,770.25,57.2684193443687,5.61611344563453,,,,,,,,,
127,8140325P1,,2025-03-14,P1,"Block 8""",8,,2025-03-19,5,EQUINOCCIO BAVARO SA (CODELPA),LOPESAN CEIBA,2370,19.5,19.5,39.5,,63235,770.25,82.0967218435573,8.05093817267121,,,,,,,,,
128,8140325P1,,2025-03-14,P1,"Block 8""",8,,2025-03-19,5,EQUINOCCIO BAVARO SA (CODELPA),LOPESAN CEIBA,2370,19.5,19.5,39.5,,65385,770.25,84.888023369036,8.32467134371957,,,,,,,,,
129,6200325P2,,2025-03-20,P2,"Block 6""",6,,2025-03-22,2,EQUINOCCIO BAVARO SA (CODELPA),LOPESAN CEIBA,2393,14.5,19.5,39.5,,39367,572.75,68.733304233959,6.74043457965954,,,,,,,,,
130,6200325P2,,2025-03-20,P2,"Block 6""",6,,2025-03-22,2,EQUINOCCIO BAVARO SA (CODELPA),LOPESAN CEIBA,2393,14.5,19.5,39.5,,34586,572.75,60.3858577040594,5.92182971453514,,,,,,,,,
131,6200325P2,,2025-03-20,P2,"Block 6""",6,,2025-03-22,2,EQUINOCCIO BAVARO SA (CODELPA),LOPESAN CEIBA,2393,14.5,19.5,39.5,,38931,572.75,67.9720646006111,6.66578247315583,,,,,,,,,
132,6200325P2,,2025-03-20,P2,"Block 6""",6,,2025-03-22,2,EQUINOCCIO BAVARO SA (CODELPA),LOPESAN CEIBA,2393,14.5,19.5,39.5,,38079,572.75,66.4845045831515,6.51990266870362,,,,,,,,,
133,8200325P1,,2025-03-20,P1,"Block 8""",8,,2025-03-24,4,EQUINOCCIO BAVARO SA (CODELPA),LOPESAN CEIBA,2370,19.5,19.5,39.5,,47128,770.25,61.185329438494,6.00023110938007,,,,,,,,,
134,8200325P1,,2025-03-20,P1,"Block 8""",8,,2025-03-24,4,EQUINOCCIO BAVARO SA (CODELPA),LOPESAN CEIBA,2370,19.5,19.5,39.5,,53972,770.25,70.0707562479714,6.87159381759169,,,,,,,,,
135,8200325P1,,2025-03-20,P1,"Block 8""",8,,2025-03-24,4,EQUINOCCIO BAVARO SA (CODELPA),LOPESAN CEIBA,2370,19.5,19.5,39.5,,60672,770.25,78.7692307692308,7.72462276923077,,,,,,,,,
136,8200325P1,,2025-03-20,P1,"Block 8""",8,,2025-03-24,4,EQUINOCCIO BAVARO SA (CODELPA),LOPESAN CEIBA,2370,19.5,19.5,39.5,,56317,770.25,73.1152223304122,7.17015395066537,,,,,,,,,
137,8240325P1,,2025-03-24,P1,"Block 8""",8,,2025-03-27,3,EQUINOCCIO BAVARO SA (CODELPA),LOPESAN CEIBA,2412,19.5,19.5,39.5,,51795,770.25,67.2444011684518,6.59442306718598,,,,,,,,,
138,8240325P1,,2025-03-24,P1,"Block 8""",8,,2025-03-27,3,EQUINOCCIO BAVARO SA (CODELPA),LOPESAN CEIBA,2412,19.5,19.5,39.5,,56476,770.25,73.3216488153197,7.19039747354755,,,,,,,,,
139,8240325P1,,2025-03-24,P1,"Block 8""",8,,2025-03-27,3,EQUINOCCIO BAVARO SA (CODELPA),LOPESAN CEIBA,2412,19.5,19.5,39.5,,49164,770.25,63.8286270691334,6.25945005647517,,,,,,,,,
140,8240325P1,,2025-03-24,P1,"Block 8""",8,,2025-03-27,3,EQUINOCCIO BAVARO SA (CODELPA),LOPESAN CEIBA,2412,19.5,19.5,39.5,,57774,770.25,75.0068159688413,7.35565591820837,,,,,,,,,
141,8270325P1,,2025-03-27,P1,"Block 8""",8,,2025-03-29,2,EQUINOCCIO BAVARO SA (CODELPA),LOPESAN CEIBA,2426,19.5,19.5,39.5,,49559,770.25,64.3414475819539,6.30974056929568,,,,,,,,,
142,8270325P1,,2025-03-27,P1,"Block 8""",8,,2025-03-29,2,EQUINOCCIO BAVARO SA (CODELPA),LOPESAN CEIBA,2426,19.5,19.5,39.5,,50983,770.25,66.1901979876663,6.49104105095748,,,,,,,,,
143,8270325P1,,2025-03-27,P1,"Block 8""",8,,2025-03-29,2,EQUINOCCIO BAVARO SA (CODELPA),LOPESAN CEIBA,2426,19.5,19.5,39.5,,57606,770.25,74.7887049659202,7.33426653554041,,,,,,,,,
144,8270325P1,,2025-03-27,P1,"Block 8""",8,,2025-03-29,2,EQUINOCCIO BAVARO SA (CODELPA),LOPESAN CEIBA,2426,19.5,19.5,39.5,,54902,770.25,71.2781564427134,6.98999932878936,,,,,,,,,
145,6290325P2,,2025-03-29,P2,"Block 6""",6,,2025-04-01,3,EQUINOCCIO BAVARO SA (CODELPA),LOPESAN CEIBA,2437,14.5,19.5,39.5,,41149,572.75,71.8446093408992,7.04554938192929,,,,,,,,,
146,6290325P2,,2025-03-29,P2,"Block 6""",6,,2025-04-01,3,EQUINOCCIO BAVARO SA (CODELPA),LOPESAN CEIBA,2437,14.5,19.5,39.5,,41558,572.75,72.5587079877783,7.11557853688346,,,,,,,,,
147,6290325P2,,2025-03-29,P2,"Block 6""",6,,2025-04-01,3,EQUINOCCIO BAVARO SA (CODELPA),LOPESAN CEIBA,2437,14.5,19.5,39.5,,37167,572.75,64.8921868179834,6.36374963858577,,,,,,,,,
148,6290325P2,,2025-03-29,P2,"Block 6""",6,,2025-04-01,3,EQUINOCCIO BAVARO SA (CODELPA),LOPESAN CEIBA,2437,14.5,19.5,39.5,,46361,572.75,80.9445656918376,7.93795025141859,,,,,,,,,
149,8020425P1,,2025-04-02,P1,"Block 8""",8,,2025-04-04,2,EQUINOCCIO BAVARO SA (CODELPA),LOPESAN CEIBA,2456,19.5,19.5,39.5,,51732,770.25,67.1626095423564,6.58640204868549,,,,,,,,,
150,8020425P1,,2025-04-02,P1,"Block 8""",8,,2025-04-04,2,EQUINOCCIO BAVARO SA (CODELPA),LOPESAN CEIBA,2456,19.5,19.5,39.5,,51201,770.25,66.4732229795521,6.51879632132425,,,,,,,,,
151,8020425P1,,2025-04-02,P1,"Block 8""",8,,2025-04-04,2,EQUINOCCIO BAVARO SA (CODELPA),LOPESAN CEIBA,2456,19.5,19.5,39.5,,56141,770.25,72.8867250892567,7.1477460259656,,,,,,,,,
152,8020425P1,,2025-04-02,P1,"Block 8""",8,,2025-04-04,2,EQUINOCCIO BAVARO SA (CODELPA),LOPESAN CEIBA,2456,19.5,19.5,39.5,,58676,770.25,76.1778643297631,7.47049653229471,,,,,,,,,
153,8260425P1,,2025-04-26,P1,"Block 8""",8,,2025-04-29,3,EQUINOCCIO BAVARO SA (CODELPA),LOPESAN CEIBA,2538,19.5,19.5,39.5,,47949,770.25,62.2512171372931,6.10475898539435,,,,,,,,,
154,8260425P1,,2025-04-26,P1,"Block 8""",8,,2025-04-29,3,EQUINOCCIO BAVARO SA (CODELPA),LOPESAN CEIBA,2538,19.5,19.5,39.5,,54689,770.25,71.0016228497241,6.96288064719247,,,,,,,,,
155,8260425P1,,2025-04-26,P1,"Block 8""",8,,2025-04-29,3,EQUINOCCIO BAVARO SA (CODELPA),LOPESAN CEIBA,2538,19.5,19.5,39.5,,56789,770.25,73.7280103862382,7.23024793054203,,,,,,,,,
156,8260425P1,,2025-04-26,P1,"Block 8""",8,,2025-04-29,3,EQUINOCCIO BAVARO SA (CODELPA),LOPESAN CEIBA,2538,19.5,19.5,39.5,,55333,770.25,71.8377150275884,7.044873280753,,,,,,,,,
157,8280425P1,,2025-04-28,P1,"Block 8""",8,,2025-04-30,2,EQUINOCCIO BAVARO SA (CODELPA),LOPESAN CEIBA,2541,19.5,19.5,39.5,,53256,770.25,69.1411879259981,6.78043430574489,,,,,,,,,
158,8280425P1,,2025-04-28,P1,"Block 8""",8,,2025-04-30,2,EQUINOCCIO BAVARO SA (CODELPA),LOPESAN CEIBA,2541,19.5,19.5,39.5,,50371,770.25,65.3956507627394,6.41312258552418,,,,,,,,,
159,8280425P1,,2025-04-28,P1,"Block 8""",8,,2025-04-30,2,EQUINOCCIO BAVARO SA (CODELPA),LOPESAN CEIBA,2541,19.5,19.5,39.5,,52566,770.25,68.2453748782863,6.69258505550146,,,,,,,,,
160,8280425P1,,2025-04-28,P1,"Block 8""",8,,2025-04-30,2,EQUINOCCIO BAVARO SA (CODELPA),LOPESAN CEIBA,2541,19.5,19.5,39.5,,56871,770.25,73.8344693281402,7.24068798636806,,,,,,,,,
161,8010525P1,,2025-05-01,P1,"Block 8""",8,,2025-05-06,5,EQUINOCCIO BAVARO SA (CODELPA),LOPESAN CEIBA,2549,19.5,19.5,39.5,,55555,770.25,72.1259331385914,7.07313782213567,,,"Hoja original: fecha de muestra 02/05/2025, distinta a la fecha del código de lote",,,,,,
162,8010525P1,,2025-05-01,P1,"Block 8""",8,,2025-05-06,5,EQUINOCCIO BAVARO SA (CODELPA),LOPESAN CEIBA,2549,19.5,19.5,39.5,,55143,770.25,71.5910418695229,7.02068290749757,,,"Hoja original: fecha de muestra 02/05/2025, distinta a la fecha del código de lote",,,,,,
163,8010525P1,,2025-05-01,P1,"Block 8""",8,,2025-05-06,5,EQUINOCCIO BAVARO SA (CODELPA),LOPESAN CEIBA,2549,19.5,19.5,39.5,,54199,770.25,70.3654657578708,6.90049494774424,,,"Hoja original: fecha de muestra 02/05/2025, distinta a la fecha del código de lote",,,,,,
164,8010525P1,,2025-05-01,P1,"Block 8""",8,,2025-05-06,5,EQUINOCCIO BAVARO SA (CODELPA),LOPESAN CEIBA,2549,19.5,19.5,39.5,,58867,770.25,76.4258357676079,7.49481422330412,,,"Hoja original: fecha de muestra 02/05/2025, distinta a la fecha del código de lote",,,,,,
165,8100525P1,8100525B1,2025-05-10,P1,"Block 8""",8,,2025-05-10,0,EQUINOCCIO BAVARO SA (CODELPA),LOPESAN CEIBA,2577,19.5,19.5,39.5,,51482,770.25,66.8380395975333,6.5545726101915,,,"Hoja original: fecha de muestra 08/05/2025, distinta a la fecha del código de lote",,,,,,
166,8100525P1,8100525B1,2025-05-10,P1,"Block 8""",8,,2025-05-10,0,EQUINOCCIO BAVARO SA (CODELPA),LOPESAN CEIBA,2577,19.5,19.5,39.5,,51305,770.25,66.6082440765985,6.53203736773775,,,"Hoja original: fecha de muestra 08/05/2025, distinta a la fecha del código de lote",,,,,,
167,8100525P1,8100525B1,2025-05-10,P1,"Block 8""",8,,2025-05-10,0,EQUINOCCIO BAVARO SA (CODELPA),LOPESAN CEIBA,2577,19.5,19.5,39.5,,46633,770.25,60.5426809477442,5.93720882116196,,,"Hoja original: fecha de muestra 08/05/2025, distinta a la fecha del código de lote",,,,,,
168,8100525P1,8100525B1,2025-05-10,P1,"Block 8""",8,,2025-05-10,0,EQUINOCCIO BAVARO SA (CODELPA),LOPESAN CEIBA,2577,19.5,19.5,39.5,,47241,770.25,61.332035053554,6.01461801557936,,,"Hoja original: fecha de muestra 08/05/2025, distinta a la fecha del código de lote",,,,,,
169,8160525P1,8160525B1,2025-05-16,P1,"Block 8""",8,,2025-05-20,4,EQUINOCCIO BAVARO SA (CODELPA),LOPESAN CEIBA,2618,19.5,19.5,39.5,,55528,770.25,72.0908795845505,7.06970024277832,,,,,,,,,
170,8160525P1,8160525B1,2025-05-16,P1,"Block 8""",8,,2025-05-20,4,EQUINOCCIO BAVARO SA (CODELPA),LOPESAN CEIBA,2618,19.5,19.5,39.5,,58799,770.25,76.337552742616,7.48615661603376,,,,,,,,,
171,8160525P1,8160525B1,2025-05-16,P1,"Block 8""",8,,2025-05-20,4,EQUINOCCIO BAVARO SA (CODELPA),LOPESAN CEIBA,2618,19.5,19.5,39.5,,49845,770.25,64.7127555988316,6.34615344693281,,,,,,,,,
172,8160525P1,8160525B1,2025-05-16,P1,"Block 8""",8,,2025-05-20,4,EQUINOCCIO BAVARO SA (CODELPA),LOPESAN CEIBA,2618,19.5,19.5,39.5,,53578,770.25,69.5592340149302,6.82143062252515,,,,,,,,,
173,6210525P2,6210525B2,2025-05-21,P2,"Block 6""",6,,2025-05-23,2,EQUINOCCIO BAVARO SA (CODELPA),LOPESAN CEIBA,2636,14.5,19.5,39.5,,40161,572.75,70.1195984286338,6.87638359930161,,,,,,,,,
174,6210525P2,6210525B2,2025-05-21,P2,"Block 6""",6,,2025-05-23,2,EQUINOCCIO BAVARO SA (CODELPA),LOPESAN CEIBA,2636,14.5,19.5,39.5,,37108,572.75,64.7891750327368,6.35364763334788,,,,,,,,,
175,6210525P2,6210525B2,2025-05-21,P2,"Block 6""",6,,2025-05-23,2,EQUINOCCIO BAVARO SA (CODELPA),LOPESAN CEIBA,2636,14.5,19.5,39.5,,40056,572.75,69.936272370144,6.85840545438673,,,,,,,,,
176,6210525P2,6210525B2,2025-05-21,P2,"Block 6""",6,,2025-05-23,2,EQUINOCCIO BAVARO SA (CODELPA),LOPESAN CEIBA,2636,14.5,19.5,39.5,,40573,572.75,70.8389349628983,6.94692641553907,,,,,,,,,
177,8210525P1,8210525B1,2025-05-21,P1,"Block 8""",8,,2025-05-23,2,EQUINOCCIO BAVARO SA (CODELPA),LOPESAN CEIBA,2638,19.5,19.5,39.5,,47023,770.25,61.0490100616683,5.98686274521259,,,,,,,,,
178,8210525P1,8210525B1,2025-05-21,P1,"Block 8""",8,,2025-05-23,2,EQUINOCCIO BAVARO SA (CODELPA),LOPESAN CEIBA,2638,19.5,19.5,39.5,,46221,770.25,60.0077896786758,5.88475390652386,,,,,,,,,
179,8210525P1,8210525B1,2025-05-21,P1,"Block 8""",8,,2025-05-23,2,EQUINOCCIO BAVARO SA (CODELPA),LOPESAN CEIBA,2638,19.5,19.5,39.5,,54689,770.25,71.0016228497241,6.96288064719247,,,,,,,,,
180,8210525P1,8210525B1,2025-05-21,P1,"Block 8""",8,,2025-05-23,2,EQUINOCCIO BAVARO SA (CODELPA),LOPESAN CEIBA,2638,19.5,19.5,39.5,,58989,770.25,76.5842259006816,7.51034698928919,,,,,,,,,
181,8220525P1,8220525B1,2025-05-22,P1,"Block 8""",8,,2025-05-24,2,EQUINOCCIO BAVARO SA (CODELPA),LOPESAN CEIBA,2624,19.5,19.5,39.5,,57125,770.25,74.1642323920805,7.27302669587796,,,,,,,,,
182,8220525P1,8220525B1,2025-05-22,P1,"Block 8""",8,,2025-05-24,2,EQUINOCCIO BAVARO SA (CODELPA),LOPESAN CEIBA,2624,19.5,19.5,39.5,,54177,770.25,70.3369036027264,6.89769395715677,,,,,,,,,
183,8220525P1,8220525B1,2025-05-22,P1,"Block 8""",8,,2025-05-24,2,EQUINOCCIO BAVARO SA (CODELPA),LOPESAN CEIBA,2624,19.5,19.5,39.5,,54843,770.25,71.2015579357352,6.98248758130477,,,,,,,,,
184,8220525P1,8220525B1,2025-05-22,P1,"Block 8""",8,,2025-05-24,2,EQUINOCCIO BAVARO SA (CODELPA),LOPESAN CEIBA,2624,19.5,19.5,39.5,,43218,770.25,56.1090555014606,5.50241869133398,,,,,,,,,
185,8240525P1,8240525B1,2025-05-24,P1,"Block 8""",8,,2025-05-27,3,EQUINOCCIO BAVARO SA (CODELPA),LOPESAN CEIBA,2646,19.5,19.5,39.5,,59728,770.25,77.5436546575787,7.60443480947744,,,,,,,,,
186,8240525P1,8240525B1,2025-05-24,P1,"Block 8""",8,,2025-05-27,3,EQUINOCCIO BAVARO SA (CODELPA),LOPESAN CEIBA,2646,19.5,19.5,39.5,,55510,770.25,72.0675105485232,7.06740852320675,,,,,,,,,
187,8240525P1,8240525B1,2025-05-24,P1,"Block 8""",8,,2025-05-27,3,EQUINOCCIO BAVARO SA (CODELPA),LOPESAN CEIBA,2646,19.5,19.5,39.5,,53210,770.25,69.0814670561506,6.77457768906199,,,,,,,,,
188,8240525P1,8240525B1,2025-05-24,P1,"Block 8""",8,,2025-05-27,3,EQUINOCCIO BAVARO SA (CODELPA),LOPESAN CEIBA,2646,19.5,19.5,39.5,,55546,770.25,72.1142486205777,7.07199196234989,,,,,,,,,
189,8290525P1,8290525B1,2025-05-29,P1,"Block 8""",8,,2025-05-31,2,EQUINOCCIO BAVARO SA (CODELPA),LOPESAN CEIBA,2679,19.5,19.5,39.5,,60146,770.25,78.0863356053229,7.6576536306394,,,,,,,,,
190,8290525P1,8290525B1,2025-05-29,P1,"Block 8""",8,,2025-05-31,2,EQUINOCCIO BAVARO SA (CODELPA),LOPESAN CEIBA,2679,19.5,19.5,39.5,,51065,770.25,66.2966569295683,6.50148110678351,,,,,,,,,
191,8290525P1,8290525B1,2025-05-29,P1,"Block 8""",8,,2025-05-31,2,EQUINOCCIO BAVARO SA (CODELPA),LOPESAN CEIBA,2679,19.5,19.5,39.5,,56336,770.25,73.1398896462188,7.17257298799091,,,,,,,,,
192,8290525P1,8290525B1,2025-05-29,P1,"Block 8""",8,,2025-05-31,2,EQUINOCCIO BAVARO SA (CODELPA),LOPESAN CEIBA,2679,19.5,19.5,39.5,,58209,770.25,75.5715676728335,7.41103914118793,,,,,,,,,
193,8050625P2,8050625B2,2025-06-05,P2,"Block 8""",8,,2025-06-05,0,EQUINOCCIO BAVARO SA (CODELPA),LOPESAN CEIBA,2704,19.5,19.5,39.5,,52807,770.25,68.5582603050957,6.72326863420967,,,"Hoja original: fecha de muestra 04/06/2025, distinta a la fecha del código de lote",,,,,,
194,8050625P2,8050625B2,2025-06-05,P2,"Block 8""",8,,2025-06-05,0,EQUINOCCIO BAVARO SA (CODELPA),LOPESAN CEIBA,2704,19.5,19.5,39.5,,47065,770.25,61.1035378123986,5.99221009087959,,,"Hoja original: fecha de muestra 04/06/2025, distinta a la fecha del código de lote",,,,,,
195,8050625P2,8050625B2,2025-06-05,P2,"Block 8""",8,,2025-06-05,0,EQUINOCCIO BAVARO SA (CODELPA),LOPESAN CEIBA,2704,19.5,19.5,39.5,,50629,770.25,65.7306069457968,6.44597056604998,,,"Hoja original: fecha de muestra 04/06/2025, distinta a la fecha del código de lote",,,,,,
196,8050625P2,8050625B2,2025-06-05,P2,"Block 8""",8,,2025-06-05,0,EQUINOCCIO BAVARO SA (CODELPA),LOPESAN CEIBA,2704,19.5,19.5,39.5,,45059,770.25,58.4991885751379,5.73681067640377,,,"Hoja original: fecha de muestra 04/06/2025, distinta a la fecha del código de lote",,,,,,
197,8050625P2,8050625B2,2025-06-05,P2,"Block 8""",8,,2025-06-06,1,EQUINOCCIO BAVARO SA (CODELPA),LOPESAN CEIBA,2705,19.5,19.5,39.5,,46825,770.25,60.7919506653684,5.96165382992535,,,,,,,,,
198,8050625P2,8050625B2,2025-06-05,P2,"Block 8""",8,,2025-06-06,1,EQUINOCCIO BAVARO SA (CODELPA),LOPESAN CEIBA,2705,19.5,19.5,39.5,,49623,770.25,64.4245374878286,6.31788890555015,,,,,,,,,
199,8050625P2,8050625B2,2025-06-05,P2,"Block 8""",8,,2025-06-06,1,EQUINOCCIO BAVARO SA (CODELPA),LOPESAN CEIBA,2705,19.5,19.5,39.5,,45632,770.25,59.2431028886725,5.809763749432,,,,,,,,,
200,8050625P2,8050625B2,2025-06-05,P2,"Block 8""",8,,2025-06-06,1,EQUINOCCIO BAVARO SA (CODELPA),LOPESAN CEIBA,2705,19.5,19.5,39.5,,47781,770.25,62.033106134372,6.08336960272639,,,,,,,,,
201,8050625P2,8050625B2,2025-06-05,P2,"Block 8""",8,,2025-06-07,2,EQUINOCCIO BAVARO SA (CODELPA),LOPESAN CEIBA,2713 - 2714,19.5,19.5,39.5,,49364,770.25,64.0882830249919,6.28491360727037,,,,,,,,,
202,8050625P2,8050625B2,2025-06-05,P2,"Block 8""",8,,2025-06-07,2,EQUINOCCIO BAVARO SA (CODELPA),LOPESAN CEIBA,2713 - 2714,19.5,19.5,39.5,,47840,770.25,62.1097046413502,6.09088135021097,,,,,,,,,
203,8050625P2,8050625B2,2025-06-05,P2,"Block 8""",8,,2025-06-07,2,EQUINOCCIO BAVARO SA (CODELPA),LOPESAN CEIBA,2713 - 2714,19.5,19.5,39.5,,49859,770.25,64.7309315157416,6.34793589548848,,,,,,,,,
204,8050625P2,8050625B2,2025-06-05,P2,"Block 8""",8,,2025-06-07,2,EQUINOCCIO BAVARO SA (CODELPA),LOPESAN CEIBA,2713 - 2714,19.5,19.5,39.5,,47014,770.25,61.0373255436547,5.98571688542681,,,,,,,,,
205,8070625P2,8070625B2,2025-06-07,P2,"Block 8""",8,,2025-06-10,3,EQUINOCCIO BAVARO SA (CODELPA),LOPESAN CEIBA,2716,19.5,19.5,39.5,,56277,770.25,73.0632911392405,7.16506124050633,,,,,,,,,
206,8070625P2,8070625B2,2025-06-07,P2,"Block 8""",8,,2025-06-10,3,EQUINOCCIO BAVARO SA (CODELPA),LOPESAN CEIBA,2716,19.5,19.5,39.5,,54331,770.25,70.5368386887374,6.91730089126907,,,,,,,,,
207,8070625P2,8070625B2,2025-06-07,P2,"Block 8""",8,,2025-06-10,3,EQUINOCCIO BAVARO SA (CODELPA),LOPESAN CEIBA,2716,19.5,19.5,39.5,,53578,770.25,69.5592340149302,6.82143062252515,,,,,,,,,
208,8070625P2,8070625B2,2025-06-07,P2,"Block 8""",8,,2025-06-10,3,EQUINOCCIO BAVARO SA (CODELPA),LOPESAN CEIBA,2716,19.5,19.5,39.5,,47341,770.25,61.4618630314833,6.02734979097696,,,,,,,,,
209,6241025P3,6241025B3,2025-10-24,P3,"Block 6""",6,,2025-10-27,3,EQUINOCCIO BAVARO SA (CODELPA),LOPESAN CEIBA,3386-3399,14.5,19.5,39.5,,56680,572.75,98.9611523352248,9.70477384548232,,,,,,,,,
210,6241025P3,6241025B3,2025-10-24,P3,"Block 6""",6,,2025-10-27,3,EQUINOCCIO BAVARO SA (CODELPA),LOPESAN CEIBA,3386-3399,14.5,19.5,39.5,,52108,572.75,90.9786119598429,8.92195404975993,,,,,,,,,
211,6241025P3,6241025B3,2025-10-24,P3,"Block 6""",6,,2025-10-27,3,EQUINOCCIO BAVARO SA (CODELPA),LOPESAN CEIBA,3386-3399,14.5,19.5,39.5,,39893,572.75,69.6516804888695,6.83049652466172,,,,,,,,,
212,6241025P3,6241025B3,2025-10-24,P3,"Block 6""",6,,2025-10-27,3,EQUINOCCIO BAVARO SA (CODELPA),LOPESAN CEIBA,3386-3399,14.5,19.5,39.5,,52979,572.75,92.4993452640768,9.07108704233959,,,,,,,,,
213,8101125P1,8101125B1,2025-11-10,P1,"Block 8""",8,,2025-11-13,3,EQUINOCCIO BAVARO SA (CODELPA),LOPESAN CEIBA,FP00000020,19.5,19.5,39.5,,71259,770.25,92.5141187925998,9.07253583057449,,,,,,,,,
214,8101125P1,8101125B1,2025-11-10,P1,"Block 8""",8,,2025-11-13,3,EQUINOCCIO BAVARO SA (CODELPA),LOPESAN CEIBA,FP00000020,19.5,19.5,39.5,,70687,770.25,91.7715027588445,8.99971007530023,,,,,,,,,
215,8101125P1,8101125B1,2025-11-10,P1,"Block 8""",8,,2025-11-13,3,EQUINOCCIO BAVARO SA (CODELPA),LOPESAN CEIBA,FP00000020,19.5,19.5,39.5,,46583,770.25,60.4777669587796,5.93084293346316,,,,,,,,,
216,8101125P1,8101125B1,2025-11-10,P1,"Block 8""",8,,2025-11-13,3,EQUINOCCIO BAVARO SA (CODELPA),LOPESAN CEIBA,FP00000020,19.5,19.5,39.5,,56594,770.25,73.4748458292762,7.20542096851672,,,,,,,,,
